{
  "project_info": {
    "project_number": "619893365407",
    "firebase_url": "https://vestium-semicolons.firebaseio.com",
    "project_id": "vestium-semicolons",
    "storage_bucket": "vestium-semicolons.appspot.com"
  },
  "client": [
    {
      "client_info": {
        "mobilesdk_app_id": "1:619893365407:android:da3977a33d71c4e8",
        "android_client_info": {
          "package_name": "semicolons.vestium"
        }
      },
      "oauth_client": [
        {
          "client_id": "619893365407-ev3bjipkjbabar7cmrfqeecofjdjp5pt.apps.googleusercontent.com",
          "client_type": 3
        },
        {
          "client_id": "619893365407-bo9j1c8isr3aku8bu249d6mr9p4ej897.apps.googleusercontent.com",
          "client_type": 1,
          "android_info": {
            "package_name": "semicolons.vestium",
            "certificate_hash": "b0def26ea2ef7f15452cf89db420409ace7ac622"
          }
        },
        {
          "client_id": "619893365407-6p2fgultk352cq5b5ik12n8ckcas7o74.apps.googleusercontent.com",
          "client_type": 3
        }
      ],
      "api_key": [
        {
          "current_key": "AIzaSyA8mB11lcwt984ALm-1JeJGSfjQdYNtL7Q"
        }
      ],
      "services": {
        "analytics_service": {
          "status": 1
        },
        "appinvite_service": {
          "status": 2,
          "other_platform_oauth_client": [
            {
              "client_id": "619893365407-ev3bjipkjbabar7cmrfqeecofjdjp5pt.apps.googleusercontent.com",
              "client_type": 3
            }
          ]
        },
        "ads_service": {
          "status": 2
        }
      }
    }
  ],
  "configuration_version": "1"
}